username,password,real_name
amanda,195384c06c7cf158,Amanda Alonso
ian,e481db9d5473f0a9,Ian Ortega
eugene,95f041d37152b922,Eugene Konya
jessica,662fb0c48adc220d,Jessica Smith
michael,dcbce0d997f1c8d7,Michael Brown
sophia,ac90376b787b3457,Sophia Johnson
daniel,ec3dde86d269fb5c,Daniel Williams
emma,7a169dc1f81652fb,Emma Jones
oliver,3a35865fb8f1590e,Oliver Garcia
ava,62b4bf4ea5a45149,Ava Martinez
william,8e3d67253adad1cb,William Rodriguez
isabella,10843684a0d5ed1c,Isabella Davis
james,7bf7c85427b3c87c,James Hernandez
